node,send_comm,recv_comm,bimod_score
720575940661289345,0,0,0.9628708276646104
720575940603464672,0,0,0.9628708276646104
720575940604088288,0,0,0.9628708276646104
720575940604352172,0,0,0.9628708276646104
720575940604458668,0,0,0.9628708276646104
720575940604470240,0,0,0.9628708276646104
720575940604569824,0,0,0.9628708276646104
720575940604653484,0,0,0.9628708276646104
720575940648633988,0,0,0.9628708276646104
720575940648570244,0,0,0.9628708276646104
720575940647935028,0,0,0.9628708276646104
720575940647586948,0,0,0.9628708276646104
720575940647436835,0,0,0.9628708276646104
720575940647228468,0,0,0.9628708276646104
720575940647207044,0,0,0.9628708276646104
720575940647075619,0,0,0.9628708276646104
720575940646576436,0,0,0.9628708276646104
720575940646521198,0,0,0.9628708276646104
720575940646419747,0,0,0.9628708276646104
720575940646364014,0,0,0.9628708276646104
720575940645693988,0,0,0.9628708276646104
720575940645579556,0,0,0.9628708276646104
720575940645527918,0,0,0.9628708276646104
720575940645304430,0,0,0.9628708276646104
720575940608181122,0,0,0.9628708276646104
720575940608144732,0,0,0.9628708276646104
720575940608120587,0,0,0.9628708276646104
720575940607982428,0,0,0.9628708276646104
720575940607774044,0,0,0.9628708276646104
720575940607761244,0,0,0.9628708276646104
720575940607725321,0,0,0.9628708276646104
720575940607689394,0,0,0.9628708276646104
720575940607667723,0,0,0.9628708276646104
720575940607635913,0,0,0.9628708276646104
720575940607272649,0,0,0.9628708276646104
720575940607162754,0,0,0.9628708276646104
720575940607155890,0,0,0.9628708276646104
720575940606946690,0,0,0.9628708276646104
720575940606762686,0,0,0.9628708276646104
720575940606756030,0,0,0.9628708276646104
720575940609725705,0,0,0.9628708276646104
720575940609598475,0,0,0.9628708276646104
720575940609488942,0,0,0.9628708276646104
720575940609460491,0,0,0.9628708276646104
720575940609282825,0,0,0.9628708276646104
720575940609258850,0,0,0.9628708276646104
720575940609137500,0,0,0.9628708276646104
720575940608545219,0,0,0.9628708276646104
720575940608343620,0,0,0.9628708276646104
720575940608336514,0,0,0.9628708276646104
720575940608293129,0,0,0.9628708276646104
720575940608287497,0,0,0.9628708276646104
720575940608252082,0,0,0.9628708276646104
720575940608235186,0,0,0.9628708276646104
720575940608188427,0,0,0.9628708276646104
720575940608185730,0,0,0.9628708276646104
720575940611167842,0,0,0.9628708276646104
720575940611092548,0,0,0.9628708276646104
720575940611079236,0,0,0.9628708276646104
720575940610980932,0,0,0.9628708276646104
720575940610964946,0,0,0.9628708276646104
720575940610899666,0,0,0.9628708276646104
720575940610640482,0,0,0.9628708276646104
720575940610584184,0,0,0.9628708276646104
720575940610515651,0,0,0.9628708276646104
720575940610505006,0,0,0.9628708276646104
720575940610439363,0,0,0.9628708276646104
720575940610211779,0,0,0.9628708276646104
720575940610161091,0,0,0.9628708276646104
720575940609959637,0,0,0.9628708276646104
720575940609957315,0,0,0.9628708276646104
720575940609799470,0,0,0.9628708276646104
720575940611905177,0,0,0.9628708276646104
720575940611813842,0,0,0.9628708276646104
720575940611755157,0,0,0.9628708276646104
720575940611735514,0,0,0.9628708276646104
720575940611671506,0,0,0.9628708276646104
720575940611666898,0,0,0.9628708276646104
720575940611644529,0,0,0.9628708276646104
720575940611638258,0,0,0.9628708276646104
720575940611602552,0,0,0.9628708276646104
720575940611597102,0,0,0.9628708276646104
720575940611563310,0,0,0.9628708276646104
720575940611505102,0,0,0.9628708276646104
720575940611385806,0,0,0.9628708276646104
720575940611379569,0,0,0.9628708276646104
720575940611352014,0,0,0.9628708276646104
720575940611347123,0,0,0.9628708276646104
720575940613065130,0,0,0.9628708276646104
720575940612976497,0,0,0.9628708276646104
720575940612863138,0,0,0.9628708276646104
720575940612840982,0,0,0.9628708276646104
720575940612718563,0,0,0.9628708276646104
720575940612637554,0,0,0.9628708276646104
720575940612612094,0,0,0.9628708276646104
720575940612603289,0,0,0.9628708276646104
720575940612488341,0,0,0.9628708276646104
720575940612461461,0,0,0.9628708276646104
720575940612347571,0,0,0.9628708276646104
720575940612337331,0,0,0.9628708276646104
720575940612284569,0,0,0.9628708276646104
720575940612264817,0,0,0.9628708276646104
720575940612218547,0,0,0.9628708276646104
720575940612208858,0,0,0.9628708276646104
720575940613631973,0,0,0.9628708276646104
720575940613590501,0,0,0.9628708276646104
720575940613583001,0,0,0.9628708276646104
720575940613579943,0,0,0.9628708276646104
720575940613560994,0,0,0.9628708276646104
720575940613552947,0,0,0.9628708276646104
720575940613455986,0,0,0.9628708276646104
720575940613408552,0,0,0.9628708276646104
720575940613347299,0,0,0.9628708276646104
720575940613303471,0,0,0.9628708276646104
720575940613302169,0,0,0.9628708276646104
720575940613203119,0,0,0.9628708276646104
720575940613191391,0,0,0.9628708276646104
720575940613126835,0,0,0.9628708276646104
720575940613091290,0,0,0.9628708276646104
720575940613087218,0,0,0.9628708276646104
720575940614175742,0,0,0.9628708276646104
720575940614137809,0,0,0.9628708276646104
720575940614087219,0,0,0.9628708276646104
720575940614059882,0,0,0.9628708276646104
720575940614019379,0,0,0.9628708276646104
720575940613992657,0,0,0.9628708276646104
720575940613944994,0,0,0.9628708276646104
720575940613940074,0,0,0.9628708276646104
720575940613891442,0,0,0.9628708276646104
720575940613818902,0,0,0.9628708276646104
720575940613808638,0,0,0.9628708276646104
720575940613804259,0,0,0.9628708276646104
720575940613783277,0,0,0.9628708276646104
720575940613686698,0,0,0.9628708276646104
720575940613668266,0,0,0.9628708276646104
720575940613635737,0,0,0.9628708276646104
720575940615028143,0,0,0.9628708276646104
720575940614956072,0,0,0.9628708276646104
720575940614941992,0,0,0.9628708276646104
720575940614730914,0,0,0.9628708276646104
720575940614727903,0,0,0.9628708276646104
720575940614710509,0,0,0.9628708276646104
720575940614707871,0,0,0.9628708276646104
720575940614635175,0,0,0.9628708276646104
720575940614614495,0,0,0.9628708276646104
720575940614595582,0,0,0.9628708276646104
720575940614435178,0,0,0.9628708276646104
720575940614403178,0,0,0.9628708276646104
720575940614374034,0,0,0.9628708276646104
720575940614363363,0,0,0.9628708276646104
720575940614358014,0,0,0.9628708276646104
720575940614207894,0,0,0.9628708276646104
720575940616079035,0,0,0.9628708276646104
720575940616012061,0,0,0.9628708276646104
720575940615953202,0,0,0.9628708276646104
720575940615933919,0,0,0.9628708276646104
720575940615912415,0,0,0.9628708276646104
720575940615886534,0,0,0.9628708276646104
720575940615743650,0,0,0.9628708276646104
720575940615723314,0,0,0.9628708276646104
720575940615708482,0,0,0.9628708276646104
720575940615671106,0,0,0.9628708276646104
720575940615366055,0,0,0.9628708276646104
720575940615255603,0,0,0.9628708276646104
720575940615166111,0,0,0.9628708276646104
720575940615160386,0,0,0.9628708276646104
720575940615101747,0,0,0.9628708276646104
720575940615043222,0,0,0.9628708276646104
720575940616837132,0,0,0.9628708276646104
720575940616807897,0,0,0.9628708276646104
720575940616758322,0,0,0.9628708276646104
720575940616736198,0,0,0.9628708276646104
720575940616733323,0,0,0.9628708276646104
720575940616583490,0,0,0.9628708276646104
720575940616564534,0,0,0.9628708276646104
720575940616551029,0,0,0.9628708276646104
720575940616534338,0,0,0.9628708276646104
720575940616463477,0,0,0.9628708276646104
720575940616390261,0,0,0.9628708276646104
720575940616286175,0,0,0.9628708276646104
720575940616197819,0,0,0.9628708276646104
720575940616182155,0,0,0.9628708276646104
720575940616172650,0,0,0.9628708276646104
720575940616169578,0,0,0.9628708276646104
720575940617528693,0,0,0.9628708276646104
720575940617444130,0,0,0.9628708276646104
720575940617337461,0,0,0.9628708276646104
720575940617299131,0,0,0.9628708276646104
720575940617280985,0,0,0.9628708276646104
720575940617257985,0,0,0.9628708276646104
720575940617226141,0,0,0.9628708276646104
720575940617207185,0,0,0.9628708276646104
720575940617205179,0,0,0.9628708276646104
720575940617190361,0,0,0.9628708276646104
720575940617180347,0,0,0.9628708276646104
720575940617089241,0,0,0.9628708276646104
720575940616923281,0,0,0.9628708276646104
720575940616908177,0,0,0.9628708276646104
720575940616871878,0,0,0.9628708276646104
720575940616848214,0,0,0.9628708276646104
720575940618112310,0,0,0.9628708276646104
720575940618008859,0,0,0.9628708276646104
720575940617991195,0,0,0.9628708276646104
720575940617932368,0,0,0.9628708276646104
720575940617818708,0,0,0.9628708276646104
720575940617809181,0,0,0.9628708276646104
720575940617787963,0,0,0.9628708276646104
720575940617749538,0,0,0.9628708276646104
720575940617691734,0,0,0.9628708276646104
720575940617688093,0,0,0.9628708276646104
720575940617684107,0,0,0.9628708276646104
720575940617678566,0,0,0.9628708276646104
720575940617668747,0,0,0.9628708276646104
720575940617613398,0,0,0.9628708276646104
720575940617552340,0,0,0.9628708276646104
720575940617537570,0,0,0.9628708276646104
720575940618444473,0,0,0.9628708276646104
720575940618385620,0,0,0.9628708276646104
720575940618366843,0,0,0.9628708276646104
720575940618340057,0,0,0.9628708276646104
720575940618330041,0,0,0.9628708276646104
720575940618321364,0,0,0.9628708276646104
720575940618314897,0,0,0.9628708276646104
720575940618308825,0,0,0.9628708276646104
720575940618295454,0,0,0.9628708276646104
720575940618277184,0,0,0.9628708276646104
720575940618238523,0,0,0.9628708276646104
720575940618189227,0,0,0.9628708276646104
720575940618165393,0,0,0.9628708276646104
720575940618165019,0,0,0.9628708276646104
720575940618153105,0,0,0.9628708276646104
720575940618116569,0,0,0.9628708276646104
720575940619035003,0,0,0.9628708276646104
720575940618987600,0,0,0.9628708276646104
720575940618932763,0,0,0.9628708276646104
720575940618902488,0,0,0.9628708276646104
720575940618902326,0,0,0.9628708276646104
720575940618886710,0,0,0.9628708276646104
720575940618865112,0,0,0.9628708276646104
720575940618851073,0,0,0.9628708276646104
720575940618807454,0,0,0.9628708276646104
720575940618769153,0,0,0.9628708276646104
720575940618757666,0,0,0.9628708276646104
720575940618603009,0,0,0.9628708276646104
720575940618574749,0,0,0.9628708276646104
720575940618561403,0,0,0.9628708276646104
720575940618554041,0,0,0.9628708276646104
720575940618539810,0,0,0.9628708276646104
720575940619636615,0,0,0.9628708276646104
720575940619615552,0,0,0.9628708276646104
720575940619612142,0,0,0.9628708276646104
720575940619457088,0,0,0.9628708276646104
720575940619453861,0,0,0.9628708276646104
720575940619432261,0,0,0.9628708276646104
720575940619411147,0,0,0.9628708276646104
720575940619245016,0,0,0.9628708276646104
720575940619148829,0,0,0.9628708276646104
720575940619134789,0,0,0.9628708276646104
720575940619071005,0,0,0.9628708276646104
720575940619061662,0,0,0.9628708276646104
720575940619059102,0,0,0.9628708276646104
720575940619055617,0,0,0.9628708276646104
720575940619046469,0,0,0.9628708276646104
720575940619038493,0,0,0.9628708276646104
720575940620057758,0,0,0.9628708276646104
720575940620027515,0,0,0.9628708276646104
720575940620023686,0,0,0.9628708276646104
720575940620012923,0,0,0.9628708276646104
720575940620008758,0,0,0.9628708276646104
720575940619991862,0,0,0.9628708276646104
720575940619931119,0,0,0.9628708276646104
720575940619918203,0,0,0.9628708276646104
720575940619896711,0,0,0.9628708276646104
720575940619895125,0,0,0.9628708276646104
720575940619878961,0,0,0.9628708276646104
720575940619877396,0,0,0.9628708276646104
720575940619866027,0,0,0.9628708276646104
720575940619864047,0,0,0.9628708276646104
720575940619822784,0,0,0.9628708276646104
720575940619637056,0,0,0.9628708276646104
720575940620537153,0,0,0.9628708276646104
720575940620464321,0,0,0.9628708276646104
720575940620380449,0,0,0.9628708276646104
720575940620353300,0,0,0.9628708276646104
720575940620330545,0,0,0.9628708276646104
720575940620321728,0,0,0.9628708276646104
720575940620320902,0,0,0.9628708276646104
720575940620300308,0,0,0.9628708276646104
720575940620298772,0,0,0.9628708276646104
720575940620258480,0,0,0.9628708276646104
720575940620252075,0,0,0.9628708276646104
720575940620196929,0,0,0.9628708276646104
720575940620165541,0,0,0.9628708276646104
720575940620153765,0,0,0.9628708276646104
720575940620124143,0,0,0.9628708276646104
720575940620100884,0,0,0.9628708276646104
720575940620813989,0,0,0.9628708276646104
720575940620802836,0,0,0.9628708276646104
720575940620746478,0,0,0.9628708276646104
720575940620723126,0,0,0.9628708276646104
720575940620718040,0,0,0.9628708276646104
720575940620711334,0,0,0.9628708276646104
720575940620690804,0,0,0.9628708276646104
720575940620689517,0,0,0.9628708276646104
720575940620686964,0,0,0.9628708276646104
720575940620664496,0,0,0.9628708276646104
720575940620610420,0,0,0.9628708276646104
720575940620609739,0,0,0.9628708276646104
720575940620595053,0,0,0.9628708276646104
720575940620571953,0,0,0.9628708276646104
720575940620553094,0,0,0.9628708276646104
720575940620541099,0,0,0.9628708276646104
720575940621148948,0,0,0.9628708276646104
720575940621132894,0,0,0.9628708276646104
720575940621129607,0,0,0.9628708276646104
720575940621116807,0,0,0.9628708276646104
720575940621103239,0,0,0.9628708276646104
720575940621088500,0,0,0.9628708276646104
720575940621068464,0,0,0.9628708276646104
720575940621065301,0,0,0.9628708276646104
720575940621040737,0,0,0.9628708276646104
720575940620988276,0,0,0.9628708276646104
720575940620975696,0,0,0.9628708276646104
720575940620968021,0,0,0.9628708276646104
720575940620943969,0,0,0.9628708276646104
720575940620918789,0,0,0.9628708276646104
720575940620889936,0,0,0.9628708276646104
720575940620842111,0,0,0.9628708276646104
720575940621542747,0,0,0.9628708276646104
720575940621529435,0,0,0.9628708276646104
720575940621522624,0,0,0.9628708276646104
720575940621519130,0,0,0.9628708276646104
720575940621457690,0,0,0.9628708276646104
720575940621440859,0,0,0.9628708276646104
720575940621398254,0,0,0.9628708276646104
720575940621393172,0,0,0.9628708276646104
720575940621371045,0,0,0.9628708276646104
720575940621354260,0,0,0.9628708276646104
720575940621319924,0,0,0.9628708276646104
720575940621298270,0,0,0.9628708276646104
720575940621225313,0,0,0.9628708276646104
720575940621213556,0,0,0.9628708276646104
720575940621195290,0,0,0.9628708276646104
720575940621164720,0,0,0.9628708276646104
720575940621833281,0,0,0.9628708276646104
720575940621820404,0,0,0.9628708276646104
720575940621819630,0,0,0.9628708276646104
720575940621801819,0,0,0.9628708276646104
720575940621771502,0,0,0.9628708276646104
720575940621766938,0,0,0.9628708276646104
720575940621689727,0,0,0.9628708276646104
720575940621684358,0,0,0.9628708276646104
720575940621665263,0,0,0.9628708276646104
720575940621647948,0,0,0.9628708276646104
720575940621640363,0,0,0.9628708276646104
720575940621619627,0,0,0.9628708276646104
720575940621589887,0,0,0.9628708276646104
720575940621551854,0,0,0.9628708276646104
720575940621548108,0,0,0.9628708276646104
720575940621545606,0,0,0.9628708276646104
720575940622331830,0,0,0.9628708276646104
720575940622324991,0,0,0.9628708276646104
720575940622312965,0,0,0.9628708276646104
720575940622186305,0,0,0.9628708276646104
720575940622183194,0,0,0.9628708276646104
720575940622160705,0,0,0.9628708276646104
720575940622156976,0,0,0.9628708276646104
720575940622143245,0,0,0.9628708276646104
720575940622123981,0,0,0.9628708276646104
720575940622122672,0,0,0.9628708276646104
720575940622106996,0,0,0.9628708276646104
720575940622048862,0,0,0.9628708276646104
720575940622026245,0,0,0.9628708276646104
720575940622018217,0,0,0.9628708276646104
720575940621947302,0,0,0.9628708276646104
720575940621857133,0,0,0.9628708276646104
720575940622722659,0,0,0.9628708276646104
720575940622719770,0,0,0.9628708276646104
720575940622696944,0,0,0.9628708276646104
720575940622673860,0,0,0.9628708276646104
720575940622579967,0,0,0.9628708276646104
720575940622552675,0,0,0.9628708276646104
720575940622538520,0,0,0.9628708276646104
720575940622523508,0,0,0.9628708276646104
720575940622516852,0,0,0.9628708276646104
720575940622506022,0,0,0.9628708276646104
720575940622500172,0,0,0.9628708276646104
720575940622440308,0,0,0.9628708276646104
720575940622368792,0,0,0.9628708276646104
720575940622364854,0,0,0.9628708276646104
720575940622339113,0,0,0.9628708276646104
720575940622338742,0,0,0.9628708276646104
720575940623113752,0,0,0.9628708276646104
720575940623072013,0,0,0.9628708276646104
720575940623067389,0,0,0.9628708276646104
720575940623050334,0,0,0.9628708276646104
720575940623019544,0,0,0.9628708276646104
720575940623000858,0,0,0.9628708276646104
720575940622999688,0,0,0.9628708276646104
720575940622998627,0,0,0.9628708276646104
720575940622997453,0,0,0.9628708276646104
720575940622949256,0,0,0.9628708276646104
720575940622945037,0,0,0.9628708276646104
720575940622923923,0,0,0.9628708276646104
720575940622920074,0,0,0.9628708276646104
720575940622838154,0,0,0.9628708276646104
720575940622791429,0,0,0.9628708276646104
720575940622726271,0,0,0.9628708276646104
720575940623471740,0,0,0.9628708276646104
720575940623468691,0,0,0.9628708276646104
720575940623455239,0,0,0.9628708276646104
720575940623444044,0,0,0.9628708276646104
720575940623432918,0,0,0.9628708276646104
720575940623413116,0,0,0.9628708276646104
720575940623387786,0,0,0.9628708276646104
720575940623355114,0,0,0.9628708276646104
720575940623322877,0,0,0.9628708276646104
720575940623276168,0,0,0.9628708276646104
720575940623211725,0,0,0.9628708276646104
720575940623203805,0,0,0.9628708276646104
720575940623201833,0,0,0.9628708276646104
720575940623146701,0,0,0.9628708276646104
720575940623137997,0,0,0.9628708276646104
720575940623133097,0,0,0.9628708276646104
720575940623957173,0,0,0.9628708276646104
720575940623917155,0,0,0.9628708276646104
720575940623888397,0,0,0.9628708276646104
720575940623792648,0,0,0.9628708276646104
720575940623788040,0,0,0.9628708276646104
720575940623781127,0,0,0.9628708276646104
720575940623702345,0,0,0.9628708276646104
720575940623636957,0,0,0.9628708276646104
720575940623636701,0,0,0.9628708276646104
720575940623632904,0,0,0.9628708276646104
720575940623608361,0,0,0.9628708276646104
720575940623579063,0,0,0.9628708276646104
720575940623528925,0,0,0.9628708276646104
720575940623499132,0,0,0.9628708276646104
720575940623478115,0,0,0.9628708276646104
720575940624338056,0,0,0.9628708276646104
720575940624336647,0,0,0.9628708276646104
720575940624323110,0,0,0.9628708276646104
720575940624313834,0,0,0.9628708276646104
720575940624269706,0,0,0.9628708276646104
720575940624258857,0,0,0.9628708276646104
720575940624225741,0,0,0.9628708276646104
720575940624206472,0,0,0.9628708276646104
720575940624184764,0,0,0.9628708276646104
720575940624181700,0,0,0.9628708276646104
720575940624163303,0,0,0.9628708276646104
720575940624155672,0,0,0.9628708276646104
720575940624117245,0,0,0.9628708276646104
720575940624094973,0,0,0.9628708276646104
720575940624057853,0,0,0.9628708276646104
720575940623992317,0,0,0.9628708276646104
720575940624600840,0,0,0.9628708276646104
720575940624590316,0,0,0.9628708276646104
720575940624547622,0,0,0.9628708276646104
720575940624539284,0,0,0.9628708276646104
720575940624538599,0,0,0.9628708276646104
720575940624525043,0,0,0.9628708276646104
720575940624452902,0,0,0.9628708276646104
720575940624435128,0,0,0.9628708276646104
720575940624434323,0,0,0.9628708276646104
720575940624402173,0,0,0.9628708276646104
720575940624395528,0,0,0.9628708276646104
720575940624394790,0,0,0.9628708276646104
720575940624394317,0,0,0.9628708276646104
720575940624377224,0,0,0.9628708276646104
720575940624349993,0,0,0.9628708276646104
720575940624346760,0,0,0.9628708276646104
720575940624986407,0,0,0.9628708276646104
720575940624973831,0,0,0.9628708276646104
720575940624959496,0,0,0.9628708276646104
720575940624951847,0,0,0.9628708276646104
720575940624931888,0,0,0.9628708276646104
720575940624923655,0,0,0.9628708276646104
720575940624911548,0,0,0.9628708276646104
720575940624897516,0,0,0.9628708276646104
720575940624879911,0,0,0.9628708276646104
720575940624774839,0,0,0.9628708276646104
720575940624762300,0,0,0.9628708276646104
720575940624712206,0,0,0.9628708276646104
720575940624705514,0,0,0.9628708276646104
720575940624694503,0,0,0.9628708276646104
720575940624678581,0,0,0.9628708276646104
720575940624604710,0,0,0.9628708276646104
720575940625419495,0,0,0.9628708276646104
720575940625403144,0,0,0.9628708276646104
720575940625357547,0,0,0.9628708276646104
720575940625253193,0,0,0.9628708276646104
720575940625251401,0,0,0.9628708276646104
720575940625223944,0,0,0.9628708276646104
720575940625146621,0,0,0.9628708276646104
720575940625102224,0,0,0.9628708276646104
720575940625096240,0,0,0.9628708276646104
720575940625082969,0,0,0.9628708276646104
720575940625049781,0,0,0.9628708276646104
720575940625045180,0,0,0.9628708276646104
720575940625033196,0,0,0.9628708276646104
720575940625013943,0,0,0.9628708276646104
720575940625000200,0,0,0.9628708276646104
720575940624986919,0,0,0.9628708276646104
720575940625934094,0,0,0.9628708276646104
720575940625905848,0,0,0.9628708276646104
720575940625878160,0,0,0.9628708276646104
720575940625874992,0,0,0.9628708276646104
720575940625871408,0,0,0.9628708276646104
720575940625870640,0,0,0.9628708276646104
720575940625784153,0,0,0.9628708276646104
720575940625779642,0,0,0.9628708276646104
720575940625741287,0,0,0.9628708276646104
720575940625656980,0,0,0.9628708276646104
720575940625585508,0,0,0.9628708276646104
720575940625563623,0,0,0.9628708276646104
720575940625550823,0,0,0.9628708276646104
720575940625525740,0,0,0.9628708276646104
720575940625502666,0,0,0.9628708276646104
720575940625441003,0,0,0.9628708276646104
720575940626624275,0,0,0.9628708276646104
720575940626591875,0,0,0.9628708276646104
720575940626555440,0,0,0.9628708276646104
720575940626462014,0,0,0.9628708276646104
720575940626403917,0,0,0.9628708276646104
720575940626342174,0,0,0.9628708276646104
720575940626315010,0,0,0.9628708276646104
720575940626309562,0,0,0.9628708276646104
720575940626246525,0,0,0.9628708276646104
720575940626201372,0,0,0.9628708276646104
720575940626143806,0,0,0.9628708276646104
720575940626112062,0,0,0.9628708276646104
720575940626044942,0,0,0.9628708276646104
720575940626039996,0,0,0.9628708276646104
720575940625992781,0,0,0.9628708276646104
720575940627015196,0,0,0.9628708276646104
720575940626979621,0,0,0.9628708276646104
720575940626977947,0,0,0.9628708276646104
720575940626960536,0,0,0.9628708276646104
720575940626887198,0,0,0.9628708276646104
720575940626872932,0,0,0.9628708276646104
720575940626848275,0,0,0.9628708276646104
720575940626818085,0,0,0.9628708276646104
720575940626783065,0,0,0.9628708276646104
720575940626768442,0,0,0.9628708276646104
720575940626730883,0,0,0.9628708276646104
720575940626694288,0,0,0.9628708276646104
720575940626682129,0,0,0.9628708276646104
720575940626675837,0,0,0.9628708276646104
720575940626663953,0,0,0.9628708276646104
720575940626630693,0,0,0.9628708276646104
720575940627253604,0,0,0.9628708276646104
720575940627252798,0,0,0.9628708276646104
720575940627250238,0,0,0.9628708276646104
720575940627206842,0,0,0.9628708276646104
720575940627204362,0,0,0.9628708276646104
720575940627139530,0,0,0.9628708276646104
720575940627139258,0,0,0.9628708276646104
720575940627110824,0,0,0.9628708276646104
720575940627107721,0,0,0.9628708276646104
720575940627087646,0,0,0.9628708276646104
720575940627083397,0,0,0.9628708276646104
720575940627076964,0,0,0.9628708276646104
720575940627068772,0,0,0.9628708276646104
720575940627053861,0,0,0.9628708276646104
720575940627042064,0,0,0.9628708276646104
720575940627578055,0,0,0.9628708276646104
720575940627558421,0,0,0.9628708276646104
720575940627502338,0,0,0.9628708276646104
720575940627493148,0,0,0.9628708276646104
720575940627439592,0,0,0.9628708276646104
720575940627410451,0,0,0.9628708276646104
720575940627405058,0,0,0.9628708276646104
720575940627349860,0,0,0.9628708276646104
720575940627348617,0,0,0.9628708276646104
720575940627344740,0,0,0.9628708276646104
720575940627341736,0,0,0.9628708276646104
720575940627277754,0,0,0.9628708276646104
720575940627277242,0,0,0.9628708276646104
720575940627264062,0,0,0.9628708276646104
720575940627255226,0,0,0.9628708276646104
720575940628031249,0,0,0.9628708276646104
720575940628023685,0,0,0.9628708276646104
720575940628006808,0,0,0.9628708276646104
720575940627996285,0,0,0.9628708276646104
720575940627946261,0,0,0.9628708276646104
720575940627927573,0,0,0.9628708276646104
720575940627891305,0,0,0.9628708276646104
720575940627826760,0,0,0.9628708276646104
720575940627796298,0,0,0.9628708276646104
720575940627725401,0,0,0.9628708276646104
720575940627715870,0,0,0.9628708276646104
720575940627706398,0,0,0.9628708276646104
720575940627690246,0,0,0.9628708276646104
720575940627652358,0,0,0.9628708276646104
720575940627604977,0,0,0.9628708276646104
720575940627594568,0,0,0.9628708276646104
720575940628352850,0,0,0.9628708276646104
720575940628348265,0,0,0.9628708276646104
720575940628346634,0,0,0.9628708276646104
720575940628251146,0,0,0.9628708276646104
720575940628236169,0,0,0.9628708276646104
720575940628200551,0,0,0.9628708276646104
720575940628169219,0,0,0.9628708276646104
720575940628154364,0,0,0.9628708276646104
720575940628143376,0,0,0.9628708276646104
720575940628132745,0,0,0.9628708276646104
720575940628082053,0,0,0.9628708276646104
720575940628059978,0,0,0.9628708276646104
720575940628059261,0,0,0.9628708276646104
720575940628038808,0,0,0.9628708276646104
720575940628780309,0,0,0.9628708276646104
720575940628762280,0,0,0.9628708276646104
720575940628739560,0,0,0.9628708276646104
720575940628734376,0,0,0.9628708276646104
720575940628695043,0,0,0.9628708276646104
720575940628694019,0,0,0.9628708276646104
720575940628592968,0,0,0.9628708276646104
720575940628586261,0,0,0.9628708276646104
720575940628532623,0,0,0.9628708276646104
720575940628467611,0,0,0.9628708276646104
720575940628455942,0,0,0.9628708276646104
720575940628446010,0,0,0.9628708276646104
720575940628437291,0,0,0.9628708276646104
720575940628406538,0,0,0.9628708276646104
720575940628403791,0,0,0.9628708276646104
720575940628360506,0,0,0.9628708276646104
720575940629358321,0,0,0.9628708276646104
720575940629327659,0,0,0.9628708276646104
720575940629249783,0,0,0.9628708276646104
720575940629229020,0,0,0.9628708276646104
720575940629179722,0,0,0.9628708276646104
720575940629153020,0,0,0.9628708276646104
720575940629148007,0,0,0.9628708276646104
720575940629131772,0,0,0.9628708276646104
720575940629111490,0,0,0.9628708276646104
720575940628908548,0,0,0.9628708276646104
720575940628895750,0,0,0.9628708276646104
720575940628873722,0,0,0.9628708276646104
720575940628865644,0,0,0.9628708276646104
720575940628857210,0,0,0.9628708276646104
720575940628793621,0,0,0.9628708276646104
720575940629757036,0,0,0.9628708276646104
720575940629704210,0,0,0.9628708276646104
720575940629614953,0,0,0.9628708276646104
720575940629609457,0,0,0.9628708276646104
720575940629560770,0,0,0.9628708276646104
720575940629532777,0,0,0.9628708276646104
720575940629513478,0,0,0.9628708276646104
720575940629513222,0,0,0.9628708276646104
720575940629502251,0,0,0.9628708276646104
720575940629486714,0,0,0.9628708276646104
720575940629461442,0,0,0.9628708276646104
720575940629451526,0,0,0.9628708276646104
720575940629437054,0,0,0.9628708276646104
720575940629426025,0,0,0.9628708276646104
720575940629422086,0,0,0.9628708276646104
720575940629418199,0,0,0.9628708276646104
720575940630042508,0,0,0.9628708276646104
720575940630024566,0,0,0.9628708276646104
720575940630006636,0,0,0.9628708276646104
720575940630006521,0,0,0.9628708276646104
720575940629981440,0,0,0.9628708276646104
720575940629959759,0,0,0.9628708276646104
720575940629957943,0,0,0.9628708276646104
720575940629875499,0,0,0.9628708276646104
720575940629868843,0,0,0.9628708276646104
720575940629859115,0,0,0.9628708276646104
720575940629856515,0,0,0.9628708276646104
720575940629855787,0,0,0.9628708276646104
720575940629805950,0,0,0.9628708276646104
720575940629792732,0,0,0.9628708276646104
720575940629778554,0,0,0.9628708276646104
720575940629766266,0,0,0.9628708276646104
720575940630318533,0,0,0.9628708276646104
720575940630311383,0,0,0.9628708276646104
720575940630291671,0,0,0.9628708276646104
720575940630247579,0,0,0.9628708276646104
720575940630243804,0,0,0.9628708276646104
720575940630233404,0,0,0.9628708276646104
720575940630204155,0,0,0.9628708276646104
720575940630183286,0,0,0.9628708276646104
720575940630164992,0,0,0.9628708276646104
720575940630146871,0,0,0.9628708276646104
720575940630140119,0,0,0.9628708276646104
720575940630135084,0,0,0.9628708276646104
720575940630097103,0,0,0.9628708276646104
720575940630086698,0,0,0.9628708276646104
720575940630085583,0,0,0.9628708276646104
720575940630075703,0,0,0.9628708276646104
720575940630664556,0,0,0.9628708276646104
720575940630644727,0,0,0.9628708276646104
720575940630643275,0,0,0.9628708276646104
720575940630610042,0,0,0.9628708276646104
720575940630607738,0,0,0.9628708276646104
720575940630571052,0,0,0.9628708276646104
720575940630549370,0,0,0.9628708276646104
720575940630546540,0,0,0.9628708276646104
720575940630502522,0,0,0.9628708276646104
720575940630501228,0,0,0.9628708276646104
720575940630496374,0,0,0.9628708276646104
720575940630487035,0,0,0.9628708276646104
720575940630460919,0,0,0.9628708276646104
720575940630407388,0,0,0.9628708276646104
720575940630396022,0,0,0.9628708276646104
720575940630379223,0,0,0.9628708276646104
720575940631103744,0,0,0.9628708276646104
720575940631062543,0,0,0.9628708276646104
720575940631023159,0,0,0.9628708276646104
720575940630945335,0,0,0.9628708276646104
720575940630914858,0,0,0.9628708276646104
720575940630883599,0,0,0.9628708276646104
720575940630868793,0,0,0.9628708276646104
720575940630864847,0,0,0.9628708276646104
720575940630810306,0,0,0.9628708276646104
720575940630773560,0,0,0.9628708276646104
720575940630770042,0,0,0.9628708276646104
720575940630758418,0,0,0.9628708276646104
720575940630748098,0,0,0.9628708276646104
720575940630733884,0,0,0.9628708276646104
720575940630691958,0,0,0.9628708276646104
720575940630665580,0,0,0.9628708276646104
720575940631586858,0,0,0.9628708276646104
720575940631536415,0,0,0.9628708276646104
720575940631517251,0,0,0.9628708276646104
720575940631501676,0,0,0.9628708276646104
720575940631423116,0,0,0.9628708276646104
720575940631381007,0,0,0.9628708276646104
720575940631341788,0,0,0.9628708276646104
720575940631340815,0,0,0.9628708276646104
720575940631306284,0,0,0.9628708276646104
720575940631287912,0,0,0.9628708276646104
720575940631275050,0,0,0.9628708276646104
720575940631190016,0,0,0.9628708276646104
720575940631180599,0,0,0.9628708276646104
720575940631153194,0,0,0.9628708276646104
720575940631147776,0,0,0.9628708276646104
720575940631131436,0,0,0.9628708276646104
720575940631930828,0,0,0.9628708276646104
720575940631907159,0,0,0.9628708276646104
720575940631899223,0,0,0.9628708276646104
720575940631898711,0,0,0.9628708276646104
720575940631842360,0,0,0.9628708276646104
720575940631759663,0,0,0.9628708276646104
720575940631758393,0,0,0.9628708276646104
720575940631706107,0,0,0.9628708276646104
720575940631704716,0,0,0.9628708276646104
720575940631698340,0,0,0.9628708276646104
720575940631683927,0,0,0.9628708276646104
720575940631670615,0,0,0.9628708276646104
720575940631623417,0,0,0.9628708276646104
720575940631620951,0,0,0.9628708276646104
720575940631615545,0,0,0.9628708276646104
720575940631603281,0,0,0.9628708276646104
720575940632427603,0,0,0.9628708276646104
720575940632416298,0,0,0.9628708276646104
720575940632403986,0,0,0.9628708276646104
720575940632311115,0,0,0.9628708276646104
720575940632308644,0,0,0.9628708276646104
720575940632197930,0,0,0.9628708276646104
720575940632189900,0,0,0.9628708276646104
720575940632167085,0,0,0.9628708276646104
720575940632080977,0,0,0.9628708276646104
720575940632069583,0,0,0.9628708276646104
720575940632068815,0,0,0.9628708276646104
720575940632043576,0,0,0.9628708276646104
720575940632042148,0,0,0.9628708276646104
720575940631999685,0,0,0.9628708276646104
720575940631959097,0,0,0.9628708276646104
720575940631945815,0,0,0.9628708276646104
720575940632962786,0,0,0.9628708276646104
720575940632943277,0,0,0.9628708276646104
720575940632868051,0,0,0.9628708276646104
720575940632847661,0,0,0.9628708276646104
720575940632821352,0,0,0.9628708276646104
720575940632804435,0,0,0.9628708276646104
720575940632795532,0,0,0.9628708276646104
720575940632777320,0,0,0.9628708276646104
720575940632698797,0,0,0.9628708276646104
720575940632689199,0,0,0.9628708276646104
720575940632539788,0,0,0.9628708276646104
720575940632499757,0,0,0.9628708276646104
720575940632486969,0,0,0.9628708276646104
720575940632469290,0,0,0.9628708276646104
720575940632463890,0,0,0.9628708276646104
720575940633529548,0,0,0.9628708276646104
720575940633498524,0,0,0.9628708276646104
720575940633483807,0,0,0.9628708276646104
720575940633350812,0,0,0.9628708276646104
720575940633324627,0,0,0.9628708276646104
720575940633308371,0,0,0.9628708276646104
720575940633294796,0,0,0.9628708276646104
720575940633208647,0,0,0.9628708276646104
720575940633197196,0,0,0.9628708276646104
720575940633190847,0,0,0.9628708276646104
720575940633185567,0,0,0.9628708276646104
720575940633176204,0,0,0.9628708276646104
720575940633157919,0,0,0.9628708276646104
720575940633145903,0,0,0.9628708276646104
720575940633005880,0,0,0.9628708276646104
720575940634356587,0,0,0.9628708276646104
720575940634260636,0,0,0.9628708276646104
720575940634034839,0,0,0.9628708276646104
720575940634024877,0,0,0.9628708276646104
720575940634000979,0,0,0.9628708276646104
720575940633938349,0,0,0.9628708276646104
720575940633901395,0,0,0.9628708276646104
720575940633893401,0,0,0.9628708276646104
720575940633787309,0,0,0.9628708276646104
720575940633746515,0,0,0.9628708276646104
720575940633631396,0,0,0.9628708276646104
720575940633626337,0,0,0.9628708276646104
720575940633616332,0,0,0.9628708276646104
720575940633583059,0,0,0.9628708276646104
720575940633572004,0,0,0.9628708276646104
720575940633556644,0,0,0.9628708276646104
720575940635047672,0,0,0.9628708276646104
720575940635028591,0,0,0.9628708276646104
720575940634894943,0,0,0.9628708276646104
720575940634854554,0,0,0.9628708276646104
720575940634826676,0,0,0.9628708276646104
720575940634790648,0,0,0.9628708276646104
720575940634748385,0,0,0.9628708276646104
720575940634743999,0,0,0.9628708276646104
720575940634707863,0,0,0.9628708276646104
720575940634646753,0,0,0.9628708276646104
720575940634638562,0,0,0.9628708276646104
720575940634601067,0,0,0.9628708276646104
720575940634545890,0,0,0.9628708276646104
720575940634506859,0,0,0.9628708276646104
720575940634459290,0,0,0.9628708276646104
720575940635735671,0,0,0.9628708276646104
720575940635684762,0,0,0.9628708276646104
720575940635681198,0,0,0.9628708276646104
720575940635468991,0,0,0.9628708276646104
720575940635385440,0,0,0.9628708276646104
720575940635362716,0,0,0.9628708276646104
720575940635330204,0,0,0.9628708276646104
720575940635211768,0,0,0.9628708276646104
720575940635202204,0,0,0.9628708276646104
720575940635188892,0,0,0.9628708276646104
720575940635179359,0,0,0.9628708276646104
720575940635119723,0,0,0.9628708276646104
720575940635106202,0,0,0.9628708276646104
720575940635089945,0,0,0.9628708276646104
720575940635089689,0,0,0.9628708276646104
720575940635066975,0,0,0.9628708276646104
720575940636873791,0,0,0.9628708276646104
720575940636832879,0,0,0.9628708276646104
720575940636821616,0,0,0.9628708276646104
720575940636704357,0,0,0.9628708276646104
720575940636656632,0,0,0.9628708276646104
720575940636611576,0,0,0.9628708276646104
720575940636543668,0,0,0.9628708276646104
720575940636489140,0,0,0.9628708276646104
720575940636454136,0,0,0.9628708276646104
720575940636167416,0,0,0.9628708276646104
720575940635983770,0,0,0.9628708276646104
720575940635970190,0,0,0.9628708276646104
720575940635967886,0,0,0.9628708276646104
720575940635945919,0,0,0.9628708276646104
720575940635859354,0,0,0.9628708276646104
720575940635774071,0,0,0.9628708276646104
720575940637623780,0,0,0.9628708276646104
720575940637611365,0,0,0.9628708276646104
720575940637607646,0,0,0.9628708276646104
720575940637594334,0,0,0.9628708276646104
720575940637547365,0,0,0.9628708276646104
720575940637526190,0,0,0.9628708276646104
720575940637464718,0,0,0.9628708276646104
720575940637321646,0,0,0.9628708276646104
720575940637232014,0,0,0.9628708276646104
720575940637169015,0,0,0.9628708276646104
720575940637136752,0,0,0.9628708276646104
720575940637098352,0,0,0.9628708276646104
720575940637056887,0,0,0.9628708276646104
720575940637009007,0,0,0.9628708276646104
720575940636992368,0,0,0.9628708276646104
720575940636922999,0,0,0.9628708276646104
720575940638719807,0,0,0.9628708276646104
720575940638668659,0,0,0.9628708276646104
720575940638633535,0,0,0.9628708276646104
720575940638624189,0,0,0.9628708276646104
720575940638204132,0,0,0.9628708276646104
720575940638128474,0,0,0.9628708276646104
720575940638051696,0,0,0.9628708276646104
720575940638049136,0,0,0.9628708276646104
720575940638028607,0,0,0.9628708276646104
720575940637966682,0,0,0.9628708276646104
720575940637952624,0,0,0.9628708276646104
720575940637902938,0,0,0.9628708276646104
720575940637792880,0,0,0.9628708276646104
720575940637689486,0,0,0.9628708276646104
720575940637656974,0,0,0.9628708276646104
720575940637628762,0,0,0.9628708276646104
720575940640325429,0,0,0.9628708276646104
720575940640263989,0,0,0.9628708276646104
720575940640216910,0,0,0.9628708276646104
720575940640141757,0,0,0.9628708276646104
720575940640140341,0,0,0.9628708276646104
720575940640031360,0,0,0.9628708276646104
720575940639823413,0,0,0.9628708276646104
720575940639352483,0,0,0.9628708276646104
720575940639278399,0,0,0.9628708276646104
720575940639242303,0,0,0.9628708276646104
720575940639209956,0,0,0.9628708276646104
720575940639182424,0,0,0.9628708276646104
720575940639172585,0,0,0.9628708276646104
720575940639152361,0,0,0.9628708276646104
720575940639080765,0,0,0.9628708276646104
720575940638900713,0,0,0.9628708276646104
720575940640955637,0,0,0.9628708276646104
720575940640868184,0,0,0.9628708276646104
720575940640851363,0,0,0.9628708276646104
720575940640834211,0,0,0.9628708276646104
720575940640830453,0,0,0.9628708276646104
720575940640803200,0,0,0.9628708276646104
720575940640788725,0,0,0.9628708276646104
720575940640763507,0,0,0.9628708276646104
720575940640749939,0,0,0.9628708276646104
720575940640722851,0,0,0.9628708276646104
720575940640589171,0,0,0.9628708276646104
720575940640541091,0,0,0.9628708276646104
720575940640425294,0,0,0.9628708276646104
720575940640338485,0,0,0.9628708276646104
720575940640333109,0,0,0.9628708276646104
720575940643255693,0,0,0.9628708276646104
720575940643120525,0,0,0.9628708276646104
720575940643112333,0,0,0.9628708276646104
720575940642523099,0,0,0.9628708276646104
720575940642506459,0,0,0.9628708276646104
720575940642086389,0,0,0.9628708276646104
720575940641812699,0,0,0.9628708276646104
720575940641648091,0,0,0.9628708276646104
720575940641606541,0,0,0.9628708276646104
720575940641593051,0,0,0.9628708276646104
720575940641535117,0,0,0.9628708276646104
720575940641480949,0,0,0.9628708276646104
720575940641464309,0,0,0.9628708276646104
720575940641173632,0,0,0.9628708276646104
720575940641148149,0,0,0.9628708276646104
720575940640978048,0,0,0.9628708276646104
720575940645047831,0,0,0.9628708276646104
720575940644968302,0,0,0.9628708276646104
720575940644791918,0,0,0.9628708276646104
720575940644704160,0,0,0.9628708276646104
720575940644632087,0,0,0.9628708276646104
720575940644496288,0,0,0.9628708276646104
720575940644494752,0,0,0.9628708276646104
720575940644473760,0,0,0.9628708276646104
720575940644465568,0,0,0.9628708276646104
720575940644438551,0,0,0.9628708276646104
720575940644176164,0,0,0.9628708276646104
720575940643867296,0,0,0.9628708276646104
720575940643740872,0,0,0.9628708276646104
720575940643576224,0,0,0.9628708276646104
720575940643290272,0,0,0.9628708276646104
720575940604737708,0,0,0.9628708276646104
720575940661089921,0,0,0.9628708276646104
720575940660217729,0,0,0.9628708276646104
720575940660217473,0,0,0.9628708276646104
720575940659611777,0,0,0.9628708276646104
720575940656090017,0,0,0.9628708276646104
720575940654777505,0,0,0.9628708276646104
720575940653577974,0,0,0.9628708276646104
720575940653213174,0,0,0.9628708276646104
720575940652554657,0,0,0.9628708276646104
720575940650929273,0,0,0.9628708276646104
720575940650416505,0,0,0.9628708276646104
720575940648669060,0,0,0.9628708276646104
720575940648650884,0,0,0.9628708276646104
720575940648646532,0,0,0.9628708276646104
720575940606739390,0,0,0.9628708276646104
720575940606722249,0,0,0.9628708276646104
720575940606696369,0,0,0.9628708276646104
720575940606692542,0,0,0.9628708276646104
720575940606664894,0,0,0.9628708276646104
720575940606608230,0,0,0.9628708276646104
720575940606354633,0,0,0.9628708276646104
720575940606149321,0,0,0.9628708276646104
720575940606056905,0,0,0.9628708276646104
720575940605899692,0,0,0.9628708276646104
720575940605876866,0,0,0.9628708276646104
720575940605758142,0,0,0.9628708276646104
720575940605607392,0,0,0.9628708276646104
720575940605601214,0,0,0.9628708276646104
720575940605214636,0,0,0.9628708276646104
720575940604954289,0,0,0.9628708276646104
720575940634612194,1,0,0.020446912797957396
720575940627190556,1,0,0.020446912797957396
720575940628307026,1,0,0.020446912797957396
720575940629382150,1,0,0.020446912797957396
720575940632504874,1,0,0.020446912797957396
720575940625952755,0,3,0.0022565555286355927
720575940633305681,0,3,0.0022565555286355927
720575940640736371,0,5,0.00214771604823229
720575940627497244,0,5,0.00214771604823229
720575940628069501,2,0,0.0011905250013977673
720575940644702112,2,0,0.0011905250013977673
720575940650935673,4,0,0.0011323778817302495
720575940623475324,4,0,0.0011323778817302495
